timestamp,predicted,actual,result,strength,stability,score,ai_weight,active_methods
2026-10-02 23:23:25,SUBIDA,BAJADA,FALLO,100,100,0.71394852758329,0.1729130434782608,6
2026-10-02 23:31:02,SUBIDA,BAJADA,FALLO,27,71,0.12204370682269454,0.20341304347826084,5
2026-10-02 23:34:01,BAJADA,BAJADA,ACIERTO,100,67,-0.670066582859786,0.26025000000000004,5
2026-10-02 23:38:00,BAJADA,BAJADA,ACIERTO,100,100,-0.7363443800179369,0.26075,6
2026-10-02 23:58:00,BAJADA,BAJADA,ACIERTO,42,100,-0.18967278808232316,0.30674999999999997,0
2026-10-02 23:59:01,BAJADA,BAJADA,ACIERTO,37,100,-0.16694490324640973,0.307,0
2026-10-03 00:00:18,BAJADA,BAJADA,ACIERTO,44,100,-0.19903297953317034,0.30724999999999997,0
2026-10-03 00:15:00,SUBIDA,BAJADA,FALLO,35,100,0.15851837887249248,0.30849999999999994,0
2026-10-03 00:29:01,SUBIDA,BAJADA,FALLO,93,98,0.6783937790970739,0.22990981937602623,3
2026-10-03 00:31:00,SUBIDA,BAJADA,FALLO,88,72,0.5111183714122,0.23012085385878486,5
2026-10-03 00:32:00,SUBIDA,SUBIDA,ACIERTO,93,94,0.5893226538656333,0.23033188834154347,5
2026-10-03 00:33:00,SUBIDA,SUBIDA,ACIERTO,92,90,0.7132367244198532,0.2645429228243021,5
2026-10-03 00:34:02,SUBIDA,BAJADA,FALLO,94,99,0.72724842419132,0.2647539573070607,5
2026-10-03 00:35:02,SUBIDA,SUBIDA,ACIERTO,80,99,0.272146667184813,0.33652689655172413,5
2026-10-03 00:36:01,SUBIDA,BAJADA,FALLO,93,93,0.677949009071415,0.33673793103448274,4
2026-10-03 00:37:01,SUBIDA,SUBIDA,ACIERTO,78,88,0.27416323613945426,0.33694896551724135,4
2026-10-03 00:38:01,SUBIDA,SUBIDA,ACIERTO,94,99,0.617568278389721,0.26916,4
2026-10-03 00:39:00,SUBIDA,BAJADA,FALLO,94,97,0.6402629868040056,0.3033710344827586,5
2026-10-03 00:40:00,SUBIDA,SUBIDA,ACIERTO,93,93,0.6881678031894419,0.22626355044699872,5
2026-10-03 00:41:01,SUBIDA,SUBIDA,ACIERTO,93,96,0.6988774423210905,0.19247458492975733,5
2026-10-03 00:42:01,SUBIDA,SUBIDA,ACIERTO,94,100,0.7888721202103515,0.19268561941251597,4
2026-10-03 00:43:00,SUBIDA,SUBIDA,ACIERTO,94,100,0.788592429021642,0.19289665389527458,4
2026-10-03 00:44:02,SUBIDA,SUBIDA,ACIERTO,94,100,0.7942621279820298,0.1931076883780332,5
2026-10-03 00:45:02,SUBIDA,BAJADA,FALLO,94,100,0.8608239696885616,0.24104871091336058,5
2026-10-03 00:49:00,BAJADA,SUBIDA,FALLO,93,94,-0.45537873337976165,0.24168181436163647,2
2026-10-03 00:53:00,SUBIDA,SUBIDA,ACIERTO,88,72,0.42885500206803073,0.12889241379310346,2
2026-10-03 00:54:01,SUBIDA,SUBIDA,ACIERTO,43,72,0.12354011584974328,0.12910344827586206,0
